<?xml version="1.0" encoding="UTF-8"?>
<project version="4">
  <component name="ChangeListManager">
    <list default="true" id="61821524-7f5a-41e7-a268-f4dbe024b283" name="Default Changelist" comment="" />
    <option name="SHOW_DIALOG" value="false" />
    <option name="HIGHLIGHT_CONFLICTS" value="true" />
    <option name="HIGHLIGHT_NON_ACTIVE_CHANGELIST" value="false" />
    <option name="LAST_RESOLUTION" value="IGNORE" />
  </component>
  <component name="ComposerSettings">
    <execution />
  </component>
  <component name="ProjectId" id="1kXL39xjhmqPm3yiF5Y2P7YgaD2" />
  <component name="ProjectViewState">
    <option name="hideEmptyMiddlePackages" value="true" />
    <option name="showLibraryContents" value="true" />
  </component>
  <component name="PropertiesComponent">
    <property name="RunOnceActivity.OpenProjectViewOnStart" value="true" />
    <property name="WebServerToolWindowFactoryState" value="false" />
    <property name="last_opened_file_path" value="$PROJECT_DIR$" />
    <property name="node.js.detected.package.eslint" value="true" />
    <property name="node.js.detected.package.tslint" value="true" />
    <property name="node.js.path.for.package.eslint" value="project" />
    <property name="node.js.path.for.package.tslint" value="project" />
    <property name="node.js.selected.package.eslint" value="(autodetect)" />
    <property name="node.js.selected.package.tslint" value="(autodetect)" />
    <property name="vue.rearranger.settings.migration" value="true" />
  </component>
  <component name="RecentsManager">
    <key name="MoveFile.RECENT_KEYS">
      <recent name="$PROJECT_DIR$/asset" />
      <recent name="$PROJECT_DIR$/css" />
    </key>
  </component>
  <component name="SpellCheckerSettings" RuntimeDictionaries="0" Folders="0" CustomDictionaries="0" DefaultDictionary="application-level" UseSingleDictionary="true" transferred="true" />
  <component name="TaskManager">
    <task active="true" id="Default" summary="Default task">
      <changelist id="61821524-7f5a-41e7-a268-f4dbe024b283" name="Default Changelist" comment="" />
      <created>1605841788763</created>
      <option name="number" value="Default" />
      <option name="presentableId" value="Default" />
      <updated>1605841788763</updated>
      <workItem from="1605841789857" duration="617000" />
      <workItem from="1605937589552" duration="956000" />
      <workItem from="1606539004799" duration="3181000" />
    </task>
    <servers />
  </component>
  <component name="TypeScriptGeneratedFilesManager">
    <option name="version" value="3" />
  </component>
  <component name="WindowStateProjectService">
    <state x="466" y="142" width="424" height="491" key="FileChooserDialogImpl" timestamp="1605937611178">
      <screen x="0" y="0" width="1366" height="768" />
    </state>
    <state x="466" y="142" width="424" height="491" key="FileChooserDialogImpl/0.0.1366.768@0.0.1366.768" timestamp="1605937611178" />
  </component>
</project>